<?xml version="1.0"?>
<doc>
    <assembly>
        <name>WebApplication1</name>
    </assembly>
    <members>
        <member name="P:WebApplication1.Controllers.TestEntiy3.Id">
            <summary>
            主键
            </summary>
        </member>
        <member name="P:WebApplication1.Controllers.TestEntiy3.TenantId">
            <summary>
            租户编号
            </summary>
        </member>
        <member name="P:WebApplication1.Controllers.TestEntiy3.StroeId">
            <summary>
            门店号
            </summary>
        </member>
        <member name="P:WebApplication1.Controllers.TestEntiy3._createdOn">
            <summary>
            创建时间
            </summary>
        </member>
        <member name="P:WebApplication1.Controllers.TestEntiy3.CreateTime">
            <summary>
            创建时间
            </summary>
        </member>
        <member name="P:WebApplication1.Controllers.TestEntiy3.CreateId">
            <summary>
            创建者
            </summary>
        </member>
        <member name="P:WebApplication1.Controllers.TestEntiy3.CreateName">
            <summary>
            创建人
            </summary>
        </member>
        <member name="P:WebApplication1.Controllers.TestEntiy3.LastUpdateTime">
            <summary>
            最近更新时间
            </summary>
        </member>
        <member name="P:WebApplication1.Controllers.TestEntiy3.LastUpdateId">
            <summary>
            最近更新者
            </summary>
        </member>
        <member name="P:WebApplication1.Controllers.TestEntiy3.LastUpdateName">
            <summary>
            最近更新人
            </summary>
        </member>
        <member name="P:WebApplication1.Controllers.TestEntiy3.IsEnable">
            <summary>
            是否可用
            </summary>
        </member>
        <member name="P:WebApplication1.Controllers.TestEntiy3.Status">
            <summary>
            状态
            </summary>
        </member>
        <member name="P:WebApplication1.Controllers.TestEntiy3.Version">
            <summary>
            版本号
            </summary>
        </member>
        <member name="P:WebApplication1.Controllers.TestEntiy3.BatchUpdateId">
            <summary>
            批量更新使用编号应该和主键相同
            </summary>
        </member>
        <member name="P:WebApplication1.Controllers.TestEntiy3.ObjectId">
            <summary>
            mongo数据库唯一识别号
            </summary>
        </member>
        <member name="T:WebApplication1.WechatNoticeEvent">
            <summary>
            微信推送消息
            </summary>
        </member>
        <member name="M:WebApplication1.WechatNoticeEvent.#ctor">
            <summary>
            
            </summary>
        </member>
        <member name="P:WebApplication1.WechatNoticeEvent.Time">
            <summary>
            事件发生时间
            </summary>
        </member>
        <member name="P:WebApplication1.WechatNoticeEvent.Id">
            <summary>
            事件编号
            </summary>
        </member>
        <member name="P:WebApplication1.WechatNoticeEvent.Text">
            <summary>
            事件发生时间
            </summary>
        </member>
        <member name="T:WebApplication1.WechatNotice_EventHandler">
            <summary>
            微信通知发送消息
            </summary>
        </member>
        <member name="M:WebApplication1.WechatNotice_EventHandler.#ctor">
            <summary>
            初始化
            </summary>
        </member>
        <member name="M:WebApplication1.WechatNotice_EventHandler.CanHandle(Sand.Events.IEvent)">
            <summary>
            
            </summary>
            <param name="event"></param>
            <returns></returns>
        </member>
        <member name="M:WebApplication1.WechatNotice_EventHandler.HandleAsync(WebApplication1.WechatNoticeEvent,System.Threading.CancellationToken)">
            <summary>
            发布事件
            </summary>
            <param name="event"></param>
            <param name="cancellationToken"></param>
            <returns></returns>
        </member>
        <member name="M:WebApplication1.WechatNotice_EventHandler.HandleAsync(Sand.Events.IEvent,System.Threading.CancellationToken)">
            <summary>
            发布事件
            </summary>
            <param name="event"></param>
            <param name="cancellationToken"></param>
            <returns></returns>
        </member>
        <member name="M:WebApplication1.Startup.AddSwaggerGenConfig(Microsoft.Extensions.DependencyInjection.IServiceCollection)">
            <summary>
            添加swagger
            </summary>
            <param name="services"></param>
        </member>
    </members>
</doc>
